block_id,available_tankers,available_cooling_units,available_ors_packets
PUR_01,2,0,1006
PUR_02,0,1,1342
PUR_03,1,0,1363
PUR_04,0,2,1400
PUR_05,0,0,1529
PUR_06,2,1,940
PUR_07,3,0,1862
PUR_08,2,2,1422
PUR_09,0,1,1234
PUR_10,2,2,920
PUR_11,2,0,727
PUR_12,1,2,852
PUR_13,3,1,1762
PUR_14,2,1,1227
PUR_15,0,0,1275
PUR_16,2,0,1518
PUR_17,0,2,1650
PUR_18,0,1,928
PUR_19,1,1,1685
PUR_20,3,1,1757
BAN_01,1,1,1665
BAN_02,1,2,833
BAN_03,3,0,1723
BAN_04,0,2,1246
BAN_05,2,1,1899
BAN_06,3,0,778
BAN_07,1,2,707
BAN_08,2,2,1744
BAN_09,0,1,1700
BAN_10,1,1,1765
BAN_11,0,0,1942
BAN_12,0,2,510
BAN_13,0,0,1538
BAN_14,1,0,1159
BAN_15,2,0,1491
BAN_16,2,1,570
BAN_17,0,1,542
BAN_18,0,1,1924
BAN_19,2,0,1708
BAN_20,1,1,1446
BAN_21,1,0,1169
BAN_22,2,2,724
HOW_01,3,0,1690
HOW_02,2,1,687
HOW_03,1,0,1315
HOW_04,1,2,1699
HOW_05,0,2,1212
HOW_06,1,2,892
HOW_07,0,1,956
HOW_08,3,0,658
HOW_09,0,2,1920
HOW_10,2,2,549
HOW_11,3,0,618
HOW_12,1,1,1800
HOW_13,3,2,1115
HOW_14,0,0,1042
