block_id,health_facilities,hospital_beds,beds_per_1000,data_quality
PUR_01,6,79,0.6494645336537292,MOCK
PUR_02,5,126,0.536157466305697,MOCK
PUR_03,9,151,0.7771229438967906,MOCK
PUR_04,8,161,0.7328773388216328,MOCK
PUR_05,8,73,0.5979633131527884,MOCK
PUR_06,6,104,0.466956572262814,MOCK
PUR_07,9,62,0.5441911688737989,MOCK
PUR_08,3,77,0.4604568369011958,MOCK
PUR_09,9,110,0.7131330031503866,MOCK
PUR_10,3,80,0.3454070004336533,MOCK
PUR_11,3,59,0.36653251348026084,MOCK
PUR_12,10,50,0.47435798582735117,MOCK
PUR_13,5,118,0.580056957245012,MOCK
PUR_14,9,141,0.7688511515503584,MOCK
PUR_15,10,139,0.6139738031544351,MOCK
PUR_16,5,137,0.7182422359679757,MOCK
PUR_17,4,50,0.49153922431499986,MOCK
PUR_18,2,114,0.4812050728866572,MOCK
PUR_19,10,88,0.4973727200169059,MOCK
PUR_20,3,60,0.5003862731928097,MOCK
BAN_01,3,72,0.44186393217613334,MOCK
BAN_02,5,110,0.7441101860187336,MOCK
BAN_03,3,40,0.33071409773179355,MOCK
BAN_04,10,57,0.43508909474530566,MOCK
BAN_05,9,102,0.5735544977472424,MOCK
BAN_06,9,73,0.5082345598564719,MOCK
BAN_07,6,91,0.49309450309024716,MOCK
BAN_08,5,148,0.6231313891804117,MOCK
BAN_09,5,120,0.576471514351717,MOCK
BAN_10,6,65,0.63423074511399,MOCK
BAN_11,5,58,0.5237705928286458,MOCK
BAN_12,5,72,0.3903296133426579,MOCK
BAN_13,3,87,0.5156147597820203,MOCK
BAN_14,7,124,0.5565760455803831,MOCK
BAN_15,3,140,0.5814770280374123,MOCK
BAN_16,6,167,0.6773963496938504,MOCK
BAN_17,4,54,0.5308047714185902,MOCK
BAN_18,4,77,0.679030167554632,MOCK
BAN_19,5,131,0.5965975434171018,MOCK
BAN_20,5,62,0.32748838852282197,MOCK
BAN_21,10,74,0.4048240494797574,MOCK
BAN_22,5,49,0.3312271102425139,MOCK
HOW_01,6,541,1.3870984878506645,MOCK
HOW_02,9,348,1.0095640144369995,MOCK
HOW_03,4,240,0.9185576099088342,MOCK
HOW_04,9,391,1.2735947505953085,MOCK
HOW_05,9,347,1.448310999504789,MOCK
HOW_06,5,561,1.4589382317659758,MOCK
HOW_07,6,383,1.2366643256446714,MOCK
HOW_08,5,366,1.253380462974369,MOCK
HOW_09,5,385,1.0553307642748178,MOCK
HOW_10,10,310,1.0824416272127961,MOCK
HOW_11,10,434,1.4204599537976117,MOCK
HOW_12,7,247,1.1673281817705958,MOCK
HOW_13,2,252,0.9885608185910262,MOCK
HOW_14,6,388,1.017678066336759,MOCK
