block_id,households_total,households_with_tap,pct_piped_coverage
PUR_01,32236,12878,39.95
PUR_02,28245,3595,12.73
PUR_03,28739,13176,45.85
PUR_04,35534,2814,7.92
PUR_05,19776,2100,10.62
PUR_06,29911,8324,27.83
PUR_07,27781,4603,16.57
PUR_08,28571,1508,5.28
PUR_09,30865,5889,19.08
PUR_10,41683,13146,31.54
PUR_11,32098,2095,6.53
PUR_12,20242,8461,41.8
PUR_13,21130,16929,80.12
PUR_14,41796,3987,9.54
PUR_15,25803,2273,8.81
PUR_16,31497,3007,9.55
PUR_17,35310,4657,13.19
PUR_18,24533,10419,42.47
PUR_19,23706,15065,63.55
PUR_20,16357,5298,32.39
BAN_01,22434,16179,72.12
BAN_02,29346,26901,91.67
BAN_03,42093,36065,85.68
BAN_04,32671,28296,86.61
BAN_05,40632,29344,72.22
BAN_06,37702,2345,6.22
BAN_07,17465,15531,88.93
BAN_08,32608,4092,12.55
BAN_09,35371,32753,92.6
BAN_10,32691,10372,31.73
BAN_11,24381,13382,54.89
BAN_12,39328,10488,26.67
BAN_13,17955,897,5.0
BAN_14,52705,39881,75.67
BAN_15,38347,6626,17.28
BAN_16,35703,15430,43.22
BAN_17,24810,18622,75.06
BAN_18,28329,19238,67.91
BAN_19,22251,16610,74.65
BAN_20,29799,21640,72.62
BAN_21,33061,3947,11.94
BAN_22,30811,434,1.41
HOW_01,46503,37941,81.59
HOW_02,43360,41048,94.67
HOW_03,46145,38300,83.0
HOW_04,34251,19160,55.94
HOW_05,78664,63450,80.66
HOW_06,53737,45585,84.83
HOW_07,52485,37190,70.86
HOW_08,71652,7888,11.01
HOW_09,42885,14979,34.93
HOW_10,40867,5378,13.16
HOW_11,39622,34946,88.2
HOW_12,44873,19183,42.75
HOW_13,39916,11204,28.07
HOW_14,43646,43161,98.89
