block_id,arsenic_affected,fluoride_affected
PUR_01,0,0
PUR_02,0,0
PUR_03,0,1
PUR_04,0,1
PUR_05,0,0
PUR_06,0,1
PUR_07,0,1
PUR_08,0,1
PUR_09,0,1
PUR_10,0,0
PUR_11,0,1
PUR_12,0,0
PUR_13,0,0
PUR_14,0,0
PUR_15,0,1
PUR_16,0,1
PUR_17,0,0
PUR_18,0,1
PUR_19,0,0
PUR_20,0,0
BAN_01,0,1
BAN_02,0,0
BAN_03,0,0
BAN_04,0,1
BAN_05,0,0
BAN_06,0,0
BAN_07,0,0
BAN_08,0,0
BAN_09,0,0
BAN_10,0,1
BAN_11,0,1
BAN_12,0,1
BAN_13,0,1
BAN_14,0,1
BAN_15,0,1
BAN_16,0,1
BAN_17,0,0
BAN_18,0,0
BAN_19,0,1
BAN_20,0,1
BAN_21,0,0
BAN_22,0,0
HOW_01,0,0
HOW_02,0,0
HOW_03,1,0
HOW_04,0,0
HOW_05,0,0
HOW_06,0,0
HOW_07,0,0
HOW_08,1,0
HOW_09,0,0
HOW_10,1,0
HOW_11,0,0
HOW_12,0,0
HOW_13,1,0
HOW_14,0,0
