block_id,block_name,district,state
PUR_01,Arsha,Purulia,West Bengal
PUR_02,Baghmundi,Purulia,West Bengal
PUR_03,Balarampur,Purulia,West Bengal
PUR_04,Barabazar,Purulia,West Bengal
PUR_05,Bundwan,Purulia,West Bengal
PUR_06,Hura,Purulia,West Bengal
PUR_07,Jaipur,Purulia,West Bengal
PUR_08,Jhalda-I,Purulia,West Bengal
PUR_09,Jhalda-II,Purulia,West Bengal
PUR_10,Kashipur,Purulia,West Bengal
PUR_11,Manbazar-I,Purulia,West Bengal
PUR_12,Manbazar-II,Purulia,West Bengal
PUR_13,Neturia,Purulia,West Bengal
PUR_14,Para,Purulia,West Bengal
PUR_15,Puncha,Purulia,West Bengal
PUR_16,Purulia-I,Purulia,West Bengal
PUR_17,Purulia-II,Purulia,West Bengal
PUR_18,Raghunathpur-I,Purulia,West Bengal
PUR_19,Raghunathpur-II,Purulia,West Bengal
PUR_20,Santuri,Purulia,West Bengal
BAN_01,Bankura-I,Bankura,West Bengal
BAN_02,Bankura-II,Bankura,West Bengal
BAN_03,Barjora,Bankura,West Bengal
BAN_04,Bishnupur,Bankura,West Bengal
BAN_05,Chhatna,Bankura,West Bengal
BAN_06,Gangajalghati,Bankura,West Bengal
BAN_07,Hirbandh,Bankura,West Bengal
BAN_08,Indpur,Bankura,West Bengal
BAN_09,Indus,Bankura,West Bengal
BAN_10,Jaypur,Bankura,West Bengal
BAN_11,Khatra,Bankura,West Bengal
BAN_12,Kotulpur,Bankura,West Bengal
BAN_13,Mejhia,Bankura,West Bengal
BAN_14,Onda,Bankura,West Bengal
BAN_15,Patrasayer,Bankura,West Bengal
BAN_16,Raipur,Bankura,West Bengal
BAN_17,Ranibandh,Bankura,West Bengal
BAN_18,Saltora,Bankura,West Bengal
BAN_19,Sarenga,Bankura,West Bengal
BAN_20,Simlapal,Bankura,West Bengal
BAN_21,Sonamukhi,Bankura,West Bengal
BAN_22,Taldangra,Bankura,West Bengal
HOW_01,Amta-I,Howrah,West Bengal
HOW_02,Amta-II,Howrah,West Bengal
HOW_03,Bagnan-I,Howrah,West Bengal
HOW_04,Bagnan-II,Howrah,West Bengal
HOW_05,Domjur,Howrah,West Bengal
HOW_06,Jagatballavpur,Howrah,West Bengal
HOW_07,Panchla,Howrah,West Bengal
HOW_08,Sankrail,Howrah,West Bengal
HOW_09,Shyampur-I,Howrah,West Bengal
HOW_10,Shyampur-II,Howrah,West Bengal
HOW_11,Udaynarayanpur,Howrah,West Bengal
HOW_12,Uluberia-I,Howrah,West Bengal
HOW_13,Uluberia-II,Howrah,West Bengal
HOW_14,Bally-Jagachha,Howrah,West Bengal
