block_id,total_population,area_sq_km,population_density,pct_elderly,pct_children,pct_outdoor_workers
PUR_01,122386,266.18756297306226,459.77354701724084,7.675019928673736,12.968919763745921,57.63435748365809
PUR_02,236779,192.28255219233932,1231.4117807379168,8.338806542628614,12.383130542102013,42.429990584137414
PUR_03,195544,197.86642611768784,988.2626569688659,8.773321848388147,14.832661721153784,45.9132814688432
PUR_04,221025,296.1058757150377,746.4390886073027,7.6851673308685395,12.883477101503228,46.02786786876042
PUR_05,123200,204.07011692942308,603.7140658012573,9.339426779707345,14.351994653103866,42.385679415891914
PUR_06,223203,293.7416805533875,759.8615204335392,6.467750635691964,10.59667270540532,42.7854004179386
PUR_07,115237,235.34066844356425,489.6603751579568,9.665121156936682,11.429568798467372,54.18963994553754
PUR_08,168199,216.26241521161745,777.7541919866827,7.692023756936543,10.066878010905066,54.1211907355242
PUR_09,154407,280.66957640477005,550.1380020516389,8.044410682776856,10.610983645654859,59.785664695457385
PUR_10,233568,241.51583508285137,967.0918675782692,6.3819109482474605,13.252017729855279,51.91453615978503
PUR_11,161302,345.9034380254127,466.3208926768445,6.354185977523015,11.179911691349117,59.747673696112486
PUR_12,106945,199.15112181687599,537.0042559857552,8.51854932334826,12.790183592104167,52.3297323829124
PUR_13,204020,240.29616620099193,849.0356014641977,7.467309413909036,12.156906488741676,46.26976502624992
PUR_14,183504,330.68013471868494,554.929010646829,9.915516633039847,10.763106487718948,45.354798412119294
PUR_15,227869,180.8213857828686,1260.1883290156093,6.632815721502144,13.99615611783757,52.977271761542795
PUR_16,191190,187.00774213322578,1022.3640894171898,8.237132981228493,12.359877766225411,40.97390311847451
PUR_17,101824,173.26576092565153,587.6752536451373,7.588968317651897,10.280841493606822,46.93647832955684
PUR_18,238570,233.08094802687424,1023.5499813244834,8.001322803990028,12.614342629497092,51.50459775302071
PUR_19,177751,167.8569481942102,1058.9433557099014,9.061185057247389,14.240032579568641,50.51736603454051
PUR_20,121140,339.8993922698139,356.39957809585735,6.837250078003079,12.616154689733113,51.07664951566315
BAN_01,164063,254.32734667373566,645.0859577065794,6.866764760241022,11.173040699948974,52.355293525676764
BAN_02,149022,272.5875071686438,546.694166390404,8.460019190513332,11.633660660807195,55.6605711748418
BAN_03,123104,185.19608711571982,664.722467505906,9.921482110091667,13.004212464394737,45.46325081352161
BAN_04,131724,339.46986726299826,388.02854893141125,8.42795432728401,13.671347927280163,42.45814664975821
BAN_05,179369,243.6340624330599,736.2229985771503,9.798919512593384,10.534412689791656,47.46036660957391
BAN_06,144841,160.43342445398662,902.8106237397019,8.202772002460359,11.556900710503456,46.8812235501719
BAN_07,185198,313.1942284997677,591.3199642506738,9.835543277318115,11.633657759740185,48.66296525278446
BAN_08,239096,215.95951496054988,1107.1334367632587,8.294891584454192,14.878177002498074,58.73180962535145
BAN_09,208399,245.3462202509516,849.4078277906207,9.55803049429212,11.81554672666845,42.829791680886935
BAN_10,103663,218.50830033751913,474.41218406750136,8.691951410021261,10.034104102546442,56.59172151226022
BAN_11,112506,257.0645986002678,437.6565291860565,8.206093061590892,11.690424078378229,52.61706388250236
BAN_12,186715,307.4610765682528,607.2801217117687,9.910176390746752,12.022737240328507,52.74359454642324
BAN_13,168811,209.07820766404802,807.4060031701134,8.95089595753172,12.536055661192176,41.65216447478413
BAN_14,224380,260.0072011707565,862.976098314451,6.267262031405806,10.122277722177623,52.669755314443094
BAN_15,242035,289.8742618884262,834.965472350768,6.133102202740783,10.721266577741547,55.34031578031866
BAN_16,247396,226.26857236197029,1093.3732308357494,7.2603551767148495,12.347252328128398,58.23835919159755
BAN_17,101826,327.23537726704046,311.17051234012786,7.449330331058858,12.705532210550931,47.291509022645556
BAN_18,114160,262.09748377816425,435.56312847559985,7.408265115069575,12.914166531905703,44.73192597266414
BAN_19,220887,242.1450461862487,912.2094524704924,8.9856257303512,14.914737629224367,46.97831155804278
BAN_20,191408,328.80443082776264,582.1332745368784,8.880278179272942,14.678146864165502,40.88983747539736
BAN_21,184313,309.2844683157814,595.9335785714763,7.003581755937535,14.63831820582845,52.5131268070383
BAN_22,148660,342.7473361506041,433.730577368159,7.732179210928788,12.64981624561982,57.7891364608618
HOW_01,390619,124.58278134974246,3135.41723637885,6.996085146378144,13.087379060563215,16.0878429415699
HOW_02,345224,145.74961904003374,2368.609964635144,9.939030893877872,13.449046787150131,27.265183507605514
HOW_03,261533,99.88349469814986,2618.380552165886,9.648671438899123,12.765472383483822,17.31317921438375
HOW_04,307546,86.44264364208979,3557.8041929556716,9.874174854774958,10.395779076633543,15.701840513618993
HOW_05,239885,129.03458158617997,1859.075273087044,9.768696888646737,14.856112897175969,24.668730683818666
HOW_06,384910,145.19988392106592,2650.8974360423467,9.402748083032982,10.236004162904141,18.713387981293035
HOW_07,310479,111.06145682266319,2795.560304019384,6.712526462015454,14.387935302843038,15.613975970991522
HOW_08,292335,125.42822363851754,2330.6955286435814,8.92440932600882,11.472310827243742,15.33771852874548
HOW_09,365270,81.1604851259901,4500.589165194987,6.87369682193431,12.94731391720231,27.918696523260273
HOW_10,287080,60.32343737960867,4759.01262379061,9.507568644508712,12.57094030246659,27.688519962963905
HOW_11,305743,136.8440127928232,2234.244624665338,8.860644686987287,13.19827382210141,15.016936531326097
HOW_12,211876,84.51762958011525,2506.885262312761,6.973778652156548,14.946509407834396,23.18850315140266
HOW_13,255907,106.59920574413948,2400.6464045729444,6.306149476391068,10.45735054239963,25.97150976164965
HOW_14,381518,136.2830922031356,2799.452183190352,6.945959368729884,12.723260511795175,16.255809704077052
