block_id,extraction_stage,extraction_pct
PUR_01,Safe,52.68694935148464
PUR_02,Safe,64.48206411199403
PUR_03,Semi-Critical,45.66123966239167
PUR_04,Safe,70.86600427481295
PUR_05,Safe,62.691364740437706
PUR_06,Semi-Critical,43.47990974144739
PUR_07,Safe,50.30612866000718
PUR_08,Safe,43.72078333144294
PUR_09,Safe,43.713975966001136
PUR_10,Semi-Critical,51.54029499958558
PUR_11,Safe,68.74983125817502
PUR_12,Safe,52.2334847643463
PUR_13,Safe,67.31839849216912
PUR_14,Semi-Critical,72.9061238309707
PUR_15,Semi-Critical,56.32342527781054
PUR_16,Safe,70.98132159813358
PUR_17,Safe,61.20109244789333
PUR_18,Safe,48.53686868276538
PUR_19,Safe,69.8435683698016
PUR_20,Safe,62.79250622710143
BAN_01,Safe,71.2586357528201
BAN_02,Safe,78.02345865969278
BAN_03,Safe,60.50922011328733
BAN_04,Safe,64.42020087543234
BAN_05,Safe,70.07090169604706
BAN_06,Semi-Critical,61.185474941845186
BAN_07,Semi-Critical,82.33585380793892
BAN_08,Semi-Critical,66.53950917353696
BAN_09,Semi-Critical,62.19834003078471
BAN_10,Safe,65.98994607428862
BAN_11,Semi-Critical,78.17966283513258
BAN_12,Semi-Critical,69.39648666709239
BAN_13,Semi-Critical,69.0327215224035
BAN_14,Safe,68.37279760247682
BAN_15,Safe,67.91034904428611
BAN_16,Semi-Critical,62.60320788505423
BAN_17,Semi-Critical,68.88270394185363
BAN_18,Safe,70.96103561297059
BAN_19,Safe,73.2300921171662
BAN_20,Safe,62.03067167341869
BAN_21,Safe,70.73436192866362
BAN_22,Safe,64.97790378365777
HOW_01,Semi-Critical,73.68402869763192
HOW_02,Semi-Critical,87.21652612486324
HOW_03,Safe,89.83062434764477
HOW_04,Semi-Critical,74.26880795929333
HOW_05,Semi-Critical,71.96287549725228
HOW_06,Safe,85.7342409166453
HOW_07,Semi-Critical,93.14981669539588
HOW_08,Semi-Critical,90.32720072852152
HOW_09,Critical,70.82031527891715
HOW_10,Semi-Critical,70.1815088450505
HOW_11,Semi-Critical,74.61844107639527
HOW_12,Critical,79.51390245581194
HOW_13,Semi-Critical,73.44861950303475
HOW_14,Semi-Critical,85.2058691554407
